new_acr_AcrIA1	/home/nemophila/projects/anticrispr_generalization/pssm_work/fasta/new_acr_AcrIA1.fa	/home/nemophila/projects/anticrispr_generalization/pssm_work/pssm/new_acr_AcrIA1.pssm
new_acr_AcrIE9	/home/nemophila/projects/anticrispr_generalization/pssm_work/fasta/new_acr_AcrIE9.fa	/home/nemophila/projects/anticrispr_generalization/pssm_work/pssm/new_acr_AcrIE9.pssm
new_acr_AcrIIA24	/home/nemophila/projects/anticrispr_generalization/pssm_work/fasta/new_acr_AcrIIA24.fa	/home/nemophila/projects/anticrispr_generalization/pssm_work/pssm/new_acr_AcrIIA24.pssm
new_acr_AcrIIA25	/home/nemophila/projects/anticrispr_generalization/pssm_work/fasta/new_acr_AcrIIA25.fa	/home/nemophila/projects/anticrispr_generalization/pssm_work/pssm/new_acr_AcrIIA25.pssm
new_acr_AcrIIA26	/home/nemophila/projects/anticrispr_generalization/pssm_work/fasta/new_acr_AcrIIA26.fa	/home/nemophila/projects/anticrispr_generalization/pssm_work/pssm/new_acr_AcrIIA26.pssm
new_acr_AcrIIA27	/home/nemophila/projects/anticrispr_generalization/pssm_work/fasta/new_acr_AcrIIA27.fa	/home/nemophila/projects/anticrispr_generalization/pssm_work/pssm/new_acr_AcrIIA27.pssm
new_acr_AcrIIA28	/home/nemophila/projects/anticrispr_generalization/pssm_work/fasta/new_acr_AcrIIA28.fa	/home/nemophila/projects/anticrispr_generalization/pssm_work/pssm/new_acr_AcrIIA28.pssm
new_acr_AcrIIA29	/home/nemophila/projects/anticrispr_generalization/pssm_work/fasta/new_acr_AcrIIA29.fa	/home/nemophila/projects/anticrispr_generalization/pssm_work/pssm/new_acr_AcrIIA29.pssm
new_acr_AcrIIA30	/home/nemophila/projects/anticrispr_generalization/pssm_work/fasta/new_acr_AcrIIA30.fa	/home/nemophila/projects/anticrispr_generalization/pssm_work/pssm/new_acr_AcrIIA30.pssm
new_acr_AcrIIA31	/home/nemophila/projects/anticrispr_generalization/pssm_work/fasta/new_acr_AcrIIA31.fa	/home/nemophila/projects/anticrispr_generalization/pssm_work/pssm/new_acr_AcrIIA31.pssm
new_acr_AcrIIA32	/home/nemophila/projects/anticrispr_generalization/pssm_work/fasta/new_acr_AcrIIA32.fa	/home/nemophila/projects/anticrispr_generalization/pssm_work/pssm/new_acr_AcrIIA32.pssm
